membership_id,call_date,total_cost,calculated_tow_miles,csrd_yyyymm,csrd_yyyy,csrd_mth,csrd_yyyywk,csrd_wk
191,2014-08-12 07:10:16,53.0,0.0,201408,2014,8,20142,2
484,2015-03-26 10:54:19,53.0,0.0,201503,2015,3,20154,4
487,2016-10-10 11:58:12,16.0,0.0,201610,2016,10,20161,1
487,2015-12-04 17:38:18,27.0,0.0,201512,2015,12,20155,5
535,2015-03-13 11:33:35,0.0,0.0,201503,2015,3,20155,5
596,2015-01-08 15:41:53,0.0,0.0,201501,2015,1,20154,4
783,2019-01-16 12:06:45,0.0,0.0,201901,2019,1,20193,3
783,2019-01-16 12:07:59,0.0,0.0,201901,2019,1,20193,3
870,2015-08-28 08:56:20,0.0,0.0,201508,2015,8,20155,5
1216,2014-10-30 19:16:42,27.0,0.0,201410,2014,10,20144,4
1527,2015-03-20 13:14:59,53.0,0.0,201503,2015,3,20155,5
1644,2015-05-05 16:23:53,53.0,0.0,201505,2015,5,20152,2
2146,2019-08-27 13:16:11,0.0,0.0,201908,2019,8,20192,2
2155,2015-07-29 08:48:31,0.0,0.0,201507,2015,7,20153,3
2313,2016-11-25 21:26:40,0.0,0.0,201611,2016,11,20165,5
2395,2014-09-28 19:59:58,30.0,0.0,201409,2014,9,20140,0
2413,2015-10-10 12:51:19,0.0,0.0,201510,2015,10,20156,6
2464,2016-09-27 13:08:38,0.0,0.0,201609,2016,9,20162,2
2485,2019-05-26 10:03:32,15.25,0.0,201905,2019,5,20190,0
2696,2014-09-14 09:26:46,53.0,0.0,201409,2014,9,20140,0
2763,2017-02-16 21:13:46,15.0,0.0,201702,2017,2,20174,4
2829,2015-04-09 12:15:01,53.0,0.0,201504,2015,4,20154,4
2829,2018-08-27 10:51:07,29.43,0.0,201808,2018,8,20181,1
2853,2016-12-06 19:27:58,0.0,0.0,201612,2016,12,20162,2
3128,2019-07-10 12:27:31,29.43,0.0,201907,2019,7,20193,3
3128,2016-02-11 07:26:20,53.0,0.0,201602,2016,2,20164,4
3128,2015-04-10 14:10:12,0.0,0.0,201504,2015,4,20155,5
3237,2015-10-19 12:59:24,53.0,0.0,201510,2015,10,20151,1
3520,2014-07-18 16:16:42,53.0,0.0,201407,2014,7,20145,5
3536,2016-06-04 10:41:24,30.0,0.0,201606,2016,6,20166,6
3557,2018-09-14 10:00:15,29.43,0.0,201809,2018,9,20185,5
3562,2017-04-21 18:00:20,16.25,0.0,201704,2017,4,20175,5
3762,2016-09-26 19:36:57,28.0,0.0,201609,2016,9,20161,1
3883,2019-04-10 09:26:29,0.0,0.0,201904,2019,4,20193,3
3883,2019-04-10 09:25:38,0.0,0.0,201904,2019,4,20193,3
3883,2014-11-22 11:22:01,0.0,0.0,201411,2014,11,20146,6
3883,2017-02-09 15:42:06,16.25,0.0,201702,2017,2,20174,4
3913,2017-02-14 09:45:36,26.5,0.0,201702,2017,2,20172,2
4095,2018-09-11 15:29:16,29.43,0.0,201809,2018,9,20182,2
4095,2016-09-16 16:32:47,53.0,0.0,201609,2016,9,20165,5
4095,2016-06-27 18:00:14,0.0,0.0,201606,2016,6,20161,1
4099,2016-08-28 14:03:43,28.0,0.0,201608,2016,8,20160,0
4123,2015-05-01 15:31:02,53.0,0.0,201505,2015,5,20155,5
4228,2014-08-06 08:49:02,0.0,0.0,201408,2014,8,20143,3
4300,2018-10-12 16:41:55,15.75,0.0,201810,2018,10,20185,5
4322,2014-06-05 18:56:22,0.0,0.0,201406,2014,6,20144,4
4538,2015-04-10 15:48:49,53.0,0.0,201504,2015,4,20155,5
4662,2016-04-03 12:25:41,0.0,0.0,201604,2016,4,20160,0
4816,2015-02-24 09:21:07,53.0,0.0,201502,2015,2,20152,2
4860,2018-11-22 22:33:27,0.0,0.0,201811,2018,11,20184,4
5182,2016-08-16 13:23:04,53.0,0.0,201608,2016,8,20162,2
5182,2016-11-21 09:45:12,0.0,0.0,201611,2016,11,20161,1
5249,2016-07-03 05:44:56,53.0,0.0,201607,2016,7,20160,0
5323,2016-02-05 10:00:14,30.0,0.0,201602,2016,2,20165,5
5323,2016-12-06 12:00:18,26.0,0.0,201612,2016,12,20162,2
5406,2019-02-14 17:21:51,0.0,0.0,201902,2019,2,20194,4
5406,2018-09-11 16:03:07,0.0,0.0,201809,2018,9,20182,2
5513,2015-06-22 14:53:01,0.0,0.0,201506,2015,6,20151,1
6000,2019-01-21 14:37:21,0.0,0.0,201901,2019,1,20191,1
6000,2015-02-16 11:06:35,0.0,0.0,201502,2015,2,20151,1
6000,2016-04-05 09:18:18,0.0,0.0,201604,2016,4,20162,2
6094,2019-01-22 20:03:08,0.0,0.0,201901,2019,1,20192,2
6094,2014-07-02 08:48:55,0.0,0.0,201407,2014,7,20143,3
6094,2015-02-02 18:25:09,53.0,0.0,201502,2015,2,20151,1
6094,2015-02-03 10:42:09,53.0,0.0,201502,2015,2,20152,2
6094,2018-11-28 07:12:16,16.5,0.0,201811,2018,11,20183,3
6191,2014-08-10 19:45:56,0.0,0.0,201408,2014,8,20140,0
6520,2016-01-06 02:38:14,0.0,0.0,201601,2016,1,20163,3
6581,2019-01-15 17:30:01,0.0,0.0,201901,2019,1,20192,2
6581,2018-09-27 18:05:52,29.43,0.0,201809,2018,9,20184,4
6583,2015-02-16 10:04:50,0.0,0.0,201502,2015,2,20151,1
6635,2016-08-22 23:09:09,0.0,0.0,201608,2016,8,20161,1
6640,2015-09-08 18:27:38,0.0,0.0,201509,2015,9,20152,2
6640,2016-08-16 11:55:45,53.0,0.0,201608,2016,8,20162,2
6906,2017-01-03 18:18:26,26.5,0.0,201701,2017,1,20172,2
6970,2016-07-15 16:24:08,0.0,0.0,201607,2016,7,20165,5
7009,2016-05-17 08:20:23,0.0,0.0,201605,2016,5,20162,2
7009,2016-06-20 18:52:59,0.0,0.0,201606,2016,6,20161,1
7079,2014-09-07 17:27:06,53.0,0.0,201409,2014,9,20140,0
7087,2015-12-29 10:39:49,53.0,0.0,201512,2015,12,20152,2
7252,2014-11-19 06:45:38,53.0,0.0,201411,2014,11,20143,3
7273,2019-09-07 11:04:52,0.0,0.0,201909,2019,9,20196,6
7351,2019-06-10 16:54:54,0.0,0.0,201906,2019,6,20191,1
7457,2019-02-02 12:38:54,0.0,0.0,201902,2019,2,20196,6
7563,2019-05-26 13:21:25,29.43,0.0,201905,2019,5,20190,0
7804,2016-08-13 14:44:04,0.0,0.0,201608,2016,8,20166,6
7864,2015-03-06 08:18:43,0.0,0.0,201503,2015,3,20155,5
7910,2015-06-17 14:03:11,53.0,0.0,201506,2015,6,20153,3
7939,2019-01-23 11:42:52,0.0,0.0,201901,2019,1,20193,3
8127,2014-10-21 10:35:14,0.0,0.0,201410,2014,10,20142,2
8156,2016-02-18 13:30:08,0.0,0.0,201602,2016,2,20164,4
8171,2016-02-12 11:52:35,0.0,0.0,201602,2016,2,20165,5
8373,2016-08-01 10:25:31,30.0,0.0,201608,2016,8,20161,1
8479,2016-10-19 14:54:45,0.0,0.0,201610,2016,10,20163,3
8631,2015-03-18 15:27:24,0.0,0.0,201503,2015,3,20153,3
8799,2016-07-11 10:45:25,53.0,0.0,201607,2016,7,20161,1
8921,2019-06-01 11:29:27,0.0,0.0,201906,2019,6,20196,6
8983,2015-02-16 14:07:23,0.0,0.0,201502,2015,2,20151,1
8983,2018-09-25 12:05:05,0.0,0.0,201809,2018,9,20182,2
9028,2016-02-15 18:28:30,0.0,0.0,201602,2016,2,20161,1
9037,2015-08-29 10:42:51,53.0,0.0,201508,2015,8,20156,6
9175,2019-01-22 14:23:00,0.0,0.0,201901,2019,1,20192,2
9414,2015-01-29 10:28:12,53.0,0.0,201501,2015,1,20154,4
9453,2016-02-17 06:17:34,0.0,0.0,201602,2016,2,20163,3
9842,2019-04-18 15:23:24,29.43,0.0,201904,2019,4,20194,4
9991,2015-03-08 14:08:55,0.0,0.0,201503,2015,3,20150,0
10072,2019-01-22 13:09:03,0.0,0.0,201901,2019,1,20192,2
10178,2019-03-25 15:17:19,29.43,0.0,201903,2019,3,20191,1
10227,2014-08-14 14:25:02,27.0,0.0,201408,2014,8,20144,4
10227,2015-06-17 18:48:12,27.0,0.0,201506,2015,6,20153,3
10227,2016-11-05 15:15:04,0.0,0.0,201611,2016,11,20166,6
10240,2019-06-25 12:42:22,17.0,0.0,201906,2019,6,20192,2
10383,2014-09-24 14:49:53,0.0,0.0,201409,2014,9,20143,3
10383,2017-04-04 09:55:42,0.0,0.0,201704,2017,4,20172,2
10516,2019-06-26 21:31:35,29.43,0.0,201906,2019,6,20193,3
10781,2016-09-22 13:53:12,0.0,0.0,201609,2016,9,20164,4
10792,2018-09-19 20:36:38,0.0,0.0,201809,2018,9,20183,3
10792,2014-11-21 10:24:00,26.0,0.0,201411,2014,11,20145,5
10813,2019-01-23 18:51:57,15.0,0.0,201901,2019,1,20193,3
10925,2016-04-19 11:07:28,0.0,0.0,201604,2016,4,20162,2
10972,2016-01-13 14:50:42,28.0,0.0,201601,2016,1,20163,3
11062,2015-05-24 19:13:52,53.0,0.0,201505,2015,5,20150,0
11168,2018-11-13 10:10:52,29.43,0.0,201811,2018,11,20182,2
11366,2019-05-12 12:18:55,29.43,0.0,201905,2019,5,20190,0
11390,2019-04-25 09:34:24,0.0,0.0,201904,2019,4,20194,4
11460,2018-10-04 09:40:01,15.25,0.0,201810,2018,10,20184,4
11622,2014-10-17 15:23:47,0.0,0.0,201410,2014,10,20145,5
11719,2017-01-03 07:57:31,26.5,0.0,201701,2017,1,20172,2
11803,2015-04-25 12:58:15,43.0,0.0,201504,2015,4,20156,6
11810,2014-10-26 20:48:42,0.0,0.0,201410,2014,10,20140,0
11836,2015-03-20 08:38:27,28.0,0.0,201503,2015,3,20155,5
11926,2016-03-11 16:29:35,26.0,0.0,201603,2016,3,20165,5
11941,2017-02-17 09:05:15,26.5,0.0,201702,2017,2,20175,5
12047,2018-08-29 16:21:23,0.0,0.0,201808,2018,8,20183,3
12065,2016-09-21 16:04:31,43.0,0.0,201609,2016,9,20163,3
12065,2017-04-25 21:00:05,16.25,0.0,201704,2017,4,20172,2
12214,2017-01-26 07:51:48,0.0,0.0,201701,2017,1,20174,4
12480,2019-02-18 17:11:49,29.43,0.0,201902,2019,2,20191,1
12685,2015-08-21 18:11:30,53.0,0.0,201508,2015,8,20155,5
12870,2016-04-04 14:58:30,0.0,0.0,201604,2016,4,20161,1
12923,2014-07-03 13:16:25,53.0,0.0,201407,2014,7,20144,4
12923,2016-08-09 16:25:26,0.0,0.0,201608,2016,8,20162,2
12927,2015-10-06 11:47:02,0.0,0.0,201510,2015,10,20152,2
12927,2018-09-13 07:35:25,14.5,0.0,201809,2018,9,20184,4
13068,2014-06-17 10:56:21,28.0,0.0,201406,2014,6,20142,2
13068,2014-08-27 12:02:33,29.0,0.0,201408,2014,8,20143,3
13237,2019-02-13 16:00:47,0.0,0.0,201902,2019,2,20193,3
13493,2014-12-23 14:29:54,0.0,0.0,201412,2014,12,20142,2
13672,2019-01-15 09:22:40,0.0,0.0,201901,2019,1,20192,2
13672,2018-11-13 10:29:53,29.43,0.0,201811,2018,11,20182,2
13672,2014-08-22 11:41:50,53.0,0.0,201408,2014,8,20145,5
13730,2016-05-31 15:29:46,30.0,0.0,201605,2016,5,20162,2
13780,2016-05-25 14:00:22,0.0,0.0,201605,2016,5,20163,3
13795,2016-01-12 13:33:00,0.0,0.0,201601,2016,1,20162,2
13809,2016-03-19 13:36:04,0.0,0.0,201603,2016,3,20166,6
14058,2019-09-20 21:46:13,29.43,0.0,201909,2019,9,20195,5
14214,2016-02-17 13:02:14,0.0,0.0,201602,2016,2,20163,3
14501,2018-11-05 17:06:54,29.43,0.0,201811,2018,11,20181,1
14610,2014-10-30 09:26:25,53.0,0.0,201410,2014,10,20144,4
14610,2014-12-09 06:11:12,53.0,0.0,201412,2014,12,20142,2
14711,2014-08-30 00:03:17,0.0,0.0,201408,2014,8,20146,6
14987,2017-04-21 14:56:58,0.0,0.0,201704,2017,4,20175,5
14999,2015-02-01 15:04:46,30.0,0.0,201502,2015,2,20150,0
14999,2019-01-21 11:24:52,0.0,0.0,201901,2019,1,20191,1
15127,2015-01-15 14:54:33,27.0,0.0,201501,2015,1,20154,4
15477,2014-07-27 12:08:18,26.0,0.0,201407,2014,7,20140,0
15637,2017-03-17 20:16:32,0.0,0.0,201703,2017,3,20175,5
15851,2019-07-26 13:19:37,0.0,0.0,201907,2019,7,20195,5
16243,2016-12-11 18:34:48,0.0,0.0,201612,2016,12,20160,0
16243,2015-06-30 13:27:04,0.0,0.0,201506,2015,6,20152,2
16243,2015-07-01 13:34:49,0.0,0.0,201507,2015,7,20153,3
16243,2016-11-03 19:15:56,0.0,0.0,201611,2016,11,20164,4
16243,2018-09-27 21:02:37,0.0,0.0,201809,2018,9,20184,4
16467,2016-08-27 17:18:42,28.0,0.0,201608,2016,8,20166,6
16706,2018-11-04 08:47:31,16.25,0.0,201811,2018,11,20180,0
16756,2015-07-19 13:21:55,0.0,0.0,201507,2015,7,20150,0
16893,2019-10-09 09:43:44,16.25,0.0,201910,2019,10,20193,3
16986,2019-05-29 20:01:43,0.0,0.0,201905,2019,5,20193,3
17133,2019-04-14 06:31:28,0.0,0.0,201904,2019,4,20190,0
17140,2019-01-20 22:42:01,29.43,0.0,201901,2019,1,20190,0
17140,2014-07-02 14:53:21,53.0,0.0,201407,2014,7,20143,3
17210,2016-02-14 13:15:21,0.0,0.0,201602,2016,2,20160,0
17351,2014-08-01 09:21:39,28.0,0.0,201408,2014,8,20145,5
17419,2015-12-19 17:05:57,53.0,0.0,201512,2015,12,20156,6
17545,2018-11-09 12:13:11,29.43,0.0,201811,2018,11,20185,5
17555,2014-07-29 11:10:35,28.0,0.0,201407,2014,7,20142,2
17716,2018-12-17 12:14:38,29.43,0.0,201812,2018,12,20181,1
17716,2018-12-15 15:58:29,0.0,0.0,201812,2018,12,20186,6
17984,2018-12-12 17:18:32,29.43,0.0,201812,2018,12,20183,3
17984,2015-08-02 19:54:55,0.0,0.0,201508,2015,8,20150,0
18340,2015-03-06 02:42:06,0.0,0.0,201503,2015,3,20155,5
18340,2015-09-26 04:45:15,53.0,0.0,201509,2015,9,20156,6
18340,2017-02-23 18:19:23,26.5,0.0,201702,2017,2,20174,4
18340,2019-08-29 09:24:27,0.0,0.0,201908,2019,8,20194,4
18409,2019-01-20 17:56:05,29.43,0.0,201901,2019,1,20190,0
18498,2019-02-13 13:03:50,29.43,0.0,201902,2019,2,20193,3
18603,2015-06-27 11:30:53,29.0,0.0,201506,2015,6,20156,6
18657,2018-10-19 15:04:24,0.0,0.0,201810,2018,10,20185,5
18657,2014-10-29 17:25:15,28.0,0.0,201410,2014,10,20143,3
18886,2015-11-16 16:04:20,53.0,0.0,201511,2015,11,20151,1
18914,2015-02-24 16:07:40,0.0,0.0,201502,2015,2,20152,2
19103,2016-06-01 13:26:53,0.0,0.0,201606,2016,6,20163,3
19164,2019-01-07 10:16:09,16.25,0.0,201901,2019,1,20191,1
19399,2014-10-27 19:02:58,0.0,0.0,201410,2014,10,20141,1
19399,2015-01-06 12:59:54,0.0,0.0,201501,2015,1,20152,2
19541,2015-10-17 17:22:58,30.0,0.0,201510,2015,10,20156,6
19580,2016-04-29 09:13:59,0.0,0.0,201604,2016,4,20165,5
19644,2014-08-15 20:35:17,53.0,0.0,201408,2014,8,20145,5
19644,2014-06-05 16:46:35,53.0,0.0,201406,2014,6,20144,4
19644,2014-10-17 17:00:38,53.0,0.0,201410,2014,10,20145,5
19644,2016-06-16 14:47:02,43.0,0.0,201606,2016,6,20164,4
19669,2015-03-11 14:10:57,53.0,0.0,201503,2015,3,20153,3
19881,2019-02-14 20:02:59,0.0,0.0,201902,2019,2,20194,4
20045,2015-10-28 18:07:02,30.0,0.0,201510,2015,10,20153,3
20162,2016-04-28 07:27:31,28.0,0.0,201604,2016,4,20164,4
20195,2015-06-23 10:05:45,30.0,0.0,201506,2015,6,20152,2
20195,2015-12-07 06:48:26,0.0,0.0,201512,2015,12,20151,1
20529,2015-07-20 18:56:39,0.0,0.0,201507,2015,7,20151,1
20535,2016-02-05 18:32:19,0.0,0.0,201602,2016,2,20165,5
20535,2016-02-28 10:53:44,0.0,0.0,201602,2016,2,20160,0
20535,2015-08-28 13:59:29,53.0,0.0,201508,2015,8,20155,5
20566,2018-12-31 10:44:44,0.0,0.0,201812,2018,12,20181,1
20575,2018-11-25 13:54:45,0.0,0.0,201811,2018,11,20180,0
20778,2018-12-31 20:56:26,0.0,0.0,201812,2018,12,20181,1
21324,2017-04-12 10:35:10,0.0,0.0,201704,2017,4,20173,3
21329,2016-10-07 15:59:59,0.0,0.0,201610,2016,10,20165,5
21585,2016-12-27 14:08:11,0.0,0.0,201612,2016,12,20162,2
21614,2019-06-11 17:53:22,29.43,0.0,201906,2019,6,20192,2
22003,2017-01-19 15:46:07,23.0,0.0,201701,2017,1,20174,4
22048,2015-05-07 15:57:33,53.0,0.0,201505,2015,5,20154,4
22048,2016-03-15 15:55:48,53.0,0.0,201603,2016,3,20162,2
22084,2019-05-03 16:20:23,0.0,0.0,201905,2019,5,20195,5
22321,2018-12-27 12:05:27,0.0,0.0,201812,2018,12,20184,4
22406,2014-10-26 12:57:47,53.0,0.0,201410,2014,10,20140,0
22413,2014-06-22 07:08:57,0.0,0.0,201406,2014,6,20140,0
22413,2019-01-21 15:00:14,29.43,0.0,201901,2019,1,20191,1
22431,2014-06-02 17:56:23,53.0,0.0,201406,2014,6,20141,1
22574,2015-02-16 17:23:51,28.0,0.0,201502,2015,2,20151,1
22941,2018-09-08 12:39:41,0.0,0.0,201809,2018,9,20186,6
22964,2015-03-09 14:52:40,0.0,0.0,201503,2015,3,20151,1
22993,2015-02-16 09:42:39,0.0,0.0,201502,2015,2,20151,1
23130,2015-12-03 20:57:46,53.0,0.0,201512,2015,12,20154,4
23465,2018-12-13 10:51:17,0.0,0.0,201812,2018,12,20184,4
23465,2015-09-19 10:22:00,26.0,0.0,201509,2015,9,20156,6
23513,2019-09-12 11:43:00,0.0,0.0,201909,2019,9,20194,4
23513,2016-04-28 15:21:03,53.0,0.0,201604,2016,4,20164,4
23513,2015-04-18 15:56:01,53.0,0.0,201504,2015,4,20156,6
23572,2016-01-11 12:26:30,0.0,0.0,201601,2016,1,20161,1
23658,2017-02-12 20:36:03,0.0,0.0,201702,2017,2,20170,0
23855,2015-11-25 10:38:29,53.0,0.0,201511,2015,11,20153,3
24029,2019-01-05 09:32:12,0.0,0.0,201901,2019,1,20196,6
24056,2015-03-08 18:53:24,53.0,0.0,201503,2015,3,20150,0
24080,2015-09-27 15:21:13,0.0,0.0,201509,2015,9,20150,0
24096,2016-08-14 14:44:48,53.0,0.0,201608,2016,8,20160,0
24510,2019-02-16 15:03:03,29.43,0.0,201902,2019,2,20196,6
24730,2015-01-06 13:14:11,53.0,0.0,201501,2015,1,20152,2
25135,2017-01-10 17:35:36,16.25,0.0,201701,2017,1,20172,2
25180,2019-07-14 15:40:19,29.43,0.0,201907,2019,7,20190,0
25180,2015-03-05 08:50:58,53.0,0.0,201503,2015,3,20154,4
25184,2019-08-23 10:06:40,0.0,0.0,201908,2019,8,20195,5
25184,2014-10-15 12:21:23,29.0,0.0,201410,2014,10,20143,3
25529,2014-10-24 13:33:57,53.0,0.0,201410,2014,10,20145,5
25529,2015-09-20 17:42:00,53.0,0.0,201509,2015,9,20150,0
25529,2016-12-07 12:46:26,0.0,0.0,201612,2016,12,20163,3
25942,2019-06-04 14:50:19,0.0,0.0,201906,2019,6,20192,2
25942,2016-08-31 11:06:07,53.0,0.0,201608,2016,8,20163,3
26370,2015-02-06 14:35:01,53.0,0.0,201502,2015,2,20155,5
26370,2016-12-22 19:53:09,26.0,0.0,201612,2016,12,20164,4
26539,2015-01-26 10:31:34,53.0,0.0,201501,2015,1,20151,1
26549,2014-07-04 14:55:04,53.0,0.0,201407,2014,7,20145,5
27064,2019-03-25 17:38:03,0.0,0.0,201903,2019,3,20191,1
27064,2015-01-29 02:12:56,0.0,0.0,201501,2015,1,20154,4
27523,2015-10-04 13:58:29,0.0,0.0,201510,2015,10,20150,0
27666,2014-08-14 14:24:48,0.0,0.0,201408,2014,8,20144,4
28135,2014-07-01 13:17:57,53.0,0.0,201407,2014,7,20142,2
28135,2015-03-08 17:06:40,53.0,0.0,201503,2015,3,20150,0
28142,2019-08-05 18:22:54,29.43,0.0,201908,2019,8,20191,1
28488,2015-03-21 10:13:08,53.0,0.0,201503,2015,3,20156,6
28540,2015-06-07 14:49:00,0.0,0.0,201506,2015,6,20150,0
28709,2015-01-01 19:21:17,0.0,0.0,201501,2015,1,20154,4
28809,2014-08-19 14:38:37,0.0,0.0,201408,2014,8,20142,2
28811,2016-04-18 12:06:13,0.0,0.0,201604,2016,4,20161,1
29049,2019-06-07 01:25:21,0.0,0.0,201906,2019,6,20195,5
29843,2015-01-08 17:19:41,0.0,0.0,201501,2015,1,20154,4
29881,2017-01-08 18:29:35,26.5,0.0,201701,2017,1,20170,0
29950,2014-09-14 16:17:28,0.0,0.0,201409,2014,9,20140,0
29956,2017-01-06 10:04:09,16.25,0.0,201701,2017,1,20175,5
30058,2018-10-03 10:33:21,0.0,0.0,201810,2018,10,20183,3
30186,2014-09-01 15:02:13,0.0,0.0,201409,2014,9,20141,1
30250,2014-12-11 08:48:04,0.0,0.0,201412,2014,12,20144,4
30369,2018-10-03 11:25:17,15.25,0.0,201810,2018,10,20183,3
30369,2014-07-01 19:56:23,28.0,0.0,201407,2014,7,20142,2
30391,2016-12-22 13:23:10,15.0,0.0,201612,2016,12,20164,4
30732,2016-08-07 08:04:50,30.0,0.0,201608,2016,8,20160,0
50134,2018-10-19 11:37:57,16.25,0.0,201810,2018,10,20185,5
50134,2015-09-14 19:37:48,30.0,0.0,201509,2015,9,20151,1
50191,2014-08-10 10:42:33,53.0,0.0,201408,2014,8,20140,0
50203,2016-08-27 14:32:58,30.0,0.0,201608,2016,8,20166,6
50331,2014-06-12 14:22:17,33.0,0.0,201406,2014,6,20144,4
50565,2015-04-01 19:16:40,53.0,0.0,201504,2015,4,20153,3
50571,2015-12-30 16:14:29,0.0,0.0,201512,2015,12,20153,3
50739,2015-04-13 13:10:03,29.0,0.0,201504,2015,4,20151,1
50888,2014-06-22 15:55:20,53.0,0.0,201406,2014,6,20140,0
50961,2014-11-29 12:33:15,0.0,0.0,201411,2014,11,20146,6
51140,2019-04-12 14:02:39,17.0,0.0,201904,2019,4,20195,5
51191,2016-12-17 11:33:30,26.0,0.0,201612,2016,12,20166,6
51324,2015-02-02 14:13:18,0.0,0.0,201502,2015,2,20151,1
51472,2019-10-16 14:09:46,0.0,0.0,201910,2019,10,20193,3
51507,2017-03-01 11:46:00,0.0,0.0,201703,2017,3,20173,3
51507,2016-05-15 03:20:29,53.0,0.0,201605,2016,5,20160,0
51507,2016-08-04 13:20:25,12.0,0.0,201608,2016,8,20164,4
51968,2015-04-27 14:58:39,27.0,0.0,201504,2015,4,20151,1
52358,2019-01-30 09:46:36,18.25,0.0,201901,2019,1,20193,3
52660,2015-12-16 15:32:55,53.0,0.0,201512,2015,12,20153,3
52748,2014-11-10 15:32:54,0.0,0.0,201411,2014,11,20141,1
52794,2015-02-14 07:19:28,53.0,0.0,201502,2015,2,20156,6
52850,2016-02-09 12:50:46,0.0,0.0,201602,2016,2,20162,2
52861,2016-11-04 16:47:48,0.0,0.0,201611,2016,11,20165,5
52905,2015-11-18 10:54:05,0.0,0.0,201511,2015,11,20153,3
53083,2016-09-19 14:07:38,0.0,0.0,201609,2016,9,20161,1
53093,2015-03-12 10:23:43,53.0,0.0,201503,2015,3,20154,4
53156,2019-04-16 15:06:21,0.0,0.0,201904,2019,4,20192,2
53165,2018-11-24 13:02:33,0.0,0.0,201811,2018,11,20186,6
53165,2014-08-09 13:50:20,0.0,0.0,201408,2014,8,20146,6
53181,2014-10-28 18:36:44,0.0,0.0,201410,2014,10,20142,2
53324,2014-07-20 07:27:53,26.0,0.0,201407,2014,7,20140,0
53379,2015-03-19 15:42:27,0.0,0.0,201503,2015,3,20154,4
53533,2017-03-03 08:06:29,0.0,0.0,201703,2017,3,20175,5
53707,2015-05-21 20:25:12,0.0,0.0,201505,2015,5,20154,4
53923,2017-03-15 14:40:02,0.0,0.0,201703,2017,3,20173,3
53923,2017-04-09 10:14:02,0.0,0.0,201704,2017,4,20170,0
54569,2019-01-29 07:52:14,0.0,0.0,201901,2019,1,20192,2
54580,2015-01-28 15:31:01,0.0,0.0,201501,2015,1,20153,3
54580,2016-06-17 08:20:41,53.0,0.0,201606,2016,6,20165,5
54602,2019-10-07 07:40:47,29.43,0.0,201910,2019,10,20191,1
54602,2016-09-20 07:00:27,53.0,0.0,201609,2016,9,20162,2
54640,2015-10-31 13:59:24,0.0,0.0,201510,2015,10,20156,6
54789,2016-04-24 20:06:31,53.0,0.0,201604,2016,4,20160,0
54790,2015-09-11 15:37:21,0.0,0.0,201509,2015,9,20155,5
54799,2015-08-12 16:14:43,29.0,0.0,201508,2015,8,20153,3
54884,2014-09-12 07:21:37,28.0,0.0,201409,2014,9,20145,5
54974,2014-09-06 11:09:42,0.0,0.0,201409,2014,9,20146,6
55048,2015-09-11 16:07:26,0.0,0.0,201509,2015,9,20155,5
55533,2016-06-06 02:35:14,53.0,0.0,201606,2016,6,20161,1
55535,2019-08-21 07:54:51,0.0,0.0,201908,2019,8,20193,3
55659,2014-06-17 15:34:23,53.0,0.0,201406,2014,6,20142,2
55862,2016-01-05 14:59:15,0.0,0.0,201601,2016,1,20162,2
55862,2017-02-08 12:55:01,26.5,0.0,201702,2017,2,20173,3
55909,2016-10-29 09:23:59,15.0,0.0,201610,2016,10,20166,6
55924,2015-01-18 17:21:27,53.0,0.0,201501,2015,1,20150,0
55974,2019-01-16 17:02:56,0.0,0.0,201901,2019,1,20193,3
56009,2016-01-29 15:38:28,0.0,0.0,201601,2016,1,20165,5
56153,2014-12-07 12:57:18,0.0,0.0,201412,2014,12,20140,0
56164,2014-12-25 12:48:06,53.0,0.0,201412,2014,12,20144,4
56394,2015-03-05 21:43:15,0.0,0.0,201503,2015,3,20154,4
56516,2015-04-08 15:58:24,53.0,0.0,201504,2015,4,20153,3
56533,2016-10-05 16:00:57,0.0,0.0,201610,2016,10,20163,3
56533,2015-01-27 14:53:27,30.0,0.0,201501,2015,1,20152,2
56550,2016-01-24 15:25:41,53.0,0.0,201601,2016,1,20160,0
56563,2015-07-26 14:29:16,28.0,0.0,201507,2015,7,20150,0
56730,2019-03-20 08:40:39,18.25,0.0,201903,2019,3,20193,3
56841,2015-07-29 10:19:17,0.0,0.0,201507,2015,7,20153,3
56900,2014-11-27 12:40:49,26.0,0.0,201411,2014,11,20144,4
56900,2015-08-25 06:51:55,30.0,0.0,201508,2015,8,20152,2
56947,2016-08-16 21:05:32,0.0,0.0,201608,2016,8,20162,2
57025,2019-01-22 17:10:51,0.0,0.0,201901,2019,1,20192,2
57025,2016-12-24 13:22:34,26.0,0.0,201612,2016,12,20166,6
57306,2014-09-06 10:25:51,53.0,0.0,201409,2014,9,20146,6
57365,2017-03-25 20:07:35,0.0,0.0,201703,2017,3,20176,6
57365,2014-06-09 08:47:38,0.0,0.0,201406,2014,6,20141,1
57365,2018-09-04 07:14:03,0.0,0.0,201809,2018,9,20182,2
57761,2019-01-22 08:18:12,0.0,0.0,201901,2019,1,20192,2
57847,2014-10-10 08:07:14,0.0,0.0,201410,2014,10,20145,5
57944,2019-01-21 12:56:12,0.0,0.0,201901,2019,1,20191,1
58241,2014-09-25 18:05:33,53.0,0.0,201409,2014,9,20144,4
58392,2019-04-03 00:10:54,0.0,0.0,201904,2019,4,20193,3
58409,2015-06-01 16:38:41,26.0,0.0,201506,2015,6,20151,1
58458,2015-02-16 10:20:15,0.0,0.0,201502,2015,2,20151,1
58744,2016-05-01 18:18:18,53.0,0.0,201605,2016,5,20160,0
58744,2016-07-23 15:13:21,0.0,0.0,201607,2016,7,20166,6
58744,2014-07-23 15:00:01,0.0,0.0,201407,2014,7,20143,3
58983,2019-08-23 06:40:16,0.0,0.0,201908,2019,8,20195,5
58983,2016-09-20 15:54:03,0.0,0.0,201609,2016,9,20162,2
59127,2019-01-09 10:26:25,0.0,0.0,201901,2019,1,20193,3
59134,2018-12-16 09:39:01,0.0,0.0,201812,2018,12,20180,0
59218,2014-09-21 13:17:17,53.0,0.0,201409,2014,9,20140,0
59231,2019-01-14 11:23:48,0.0,0.0,201901,2019,1,20191,1
59231,2019-01-06 01:48:45,0.0,0.0,201901,2019,1,20190,0
59301,2014-12-23 14:25:45,0.0,0.0,201412,2014,12,20142,2
59316,2017-02-10 15:53:15,0.0,0.0,201702,2017,2,20175,5
59499,2014-07-28 16:23:58,0.0,0.0,201407,2014,7,20141,1
59580,2015-10-27 10:13:31,53.0,0.0,201510,2015,10,20152,2
59785,2019-01-21 13:33:41,0.0,0.0,201901,2019,1,20191,1
59980,2016-04-13 19:35:49,53.0,0.0,201604,2016,4,20163,3
60012,2015-04-18 07:54:26,30.0,0.0,201504,2015,4,20156,6
60071,2016-02-01 12:18:07,53.0,0.0,201602,2016,2,20161,1
60314,2019-06-01 05:42:17,0.0,0.0,201906,2019,6,20196,6
60314,2019-06-19 19:35:00,29.43,0.0,201906,2019,6,20193,3
60314,2018-12-24 10:50:09,29.43,0.0,201812,2018,12,20181,1
60410,2015-05-05 12:37:17,29.0,0.0,201505,2015,5,20152,2
80074,2015-03-05 16:06:55,53.0,0.0,201503,2015,3,20154,4
80074,2017-02-06 16:06:19,0.0,0.0,201702,2017,2,20171,1
80269,2015-10-20 13:26:23,30.0,0.0,201510,2015,10,20152,2
80269,2018-09-27 10:17:19,16.5,0.0,201809,2018,9,20184,4
80786,2019-06-07 13:54:00,29.43,0.0,201906,2019,6,20195,5
80786,2019-06-07 16:05:31,0.0,0.0,201906,2019,6,20195,5
80793,2018-09-21 18:03:31,0.0,0.0,201809,2018,9,20185,5
80893,2015-02-09 14:12:05,0.0,0.0,201502,2015,2,20151,1
80913,2018-08-27 11:17:40,0.0,0.0,201808,2018,8,20181,1
80967,2017-01-20 19:08:32,0.0,0.0,201701,2017,1,20175,5
81126,2014-10-13 12:47:40,53.0,0.0,201410,2014,10,20141,1
81175,2019-06-08 17:50:47,16.25,0.0,201906,2019,6,20196,6
81391,2015-05-30 16:40:54,27.0,0.0,201505,2015,5,20156,6
81391,2018-08-30 11:10:50,0.0,0.0,201808,2018,8,20184,4
81474,2016-02-26 16:18:14,0.0,0.0,201602,2016,2,20165,5
81500,2014-12-19 23:57:47,53.0,0.0,201412,2014,12,20145,5
81522,2015-09-14 14:43:24,58.0,0.0,201509,2015,9,20151,1
81573,2019-08-10 17:13:43,30.63,0.0,201908,2019,8,20196,6
81573,2014-08-12 10:23:52,0.0,0.0,201408,2014,8,20142,2
81658,2019-09-11 16:25:29,0.0,0.0,201909,2019,9,20193,3
81663,2016-05-27 12:50:00,0.0,0.0,201605,2016,5,20165,5
81663,2015-04-15 05:38:30,0.0,0.0,201504,2015,4,20153,3
81802,2017-04-27 08:54:49,0.0,0.0,201704,2017,4,20174,4
81894,2019-08-19 12:39:32,0.0,0.0,201908,2019,8,20191,1
81894,2019-05-31 10:36:05,29.43,0.0,201905,2019,5,20195,5
81894,2016-11-06 11:56:20,0.0,0.0,201611,2016,11,20160,0
81909,2015-02-24 10:34:00,0.0,0.0,201502,2015,2,20152,2
82294,2017-01-07 10:18:58,0.0,0.0,201701,2017,1,20176,6
82551,2015-12-14 06:28:56,53.0,0.0,201512,2015,12,20151,1
82551,2017-01-11 17:27:43,0.0,0.0,201701,2017,1,20173,3
82551,2019-10-17 08:04:33,0.0,0.0,201910,2019,10,20194,4
82551,2016-08-05 22:25:39,53.0,0.0,201608,2016,8,20165,5
82731,2016-12-14 12:42:38,26.0,0.0,201612,2016,12,20163,3
82742,2019-06-20 19:13:18,29.43,0.0,201906,2019,6,20194,4
82746,2017-01-23 11:46:04,0.0,0.0,201701,2017,1,20171,1
82750,2015-04-08 11:44:36,30.0,0.0,201504,2015,4,20153,3
83254,2017-01-07 14:15:05,0.0,0.0,201701,2017,1,20176,6
83421,2018-12-26 12:43:24,0.0,0.0,201812,2018,12,20183,3
83591,2015-01-28 11:28:57,0.0,0.0,201501,2015,1,20153,3
83718,2016-06-30 17:26:19,0.0,0.0,201606,2016,6,20164,4
84177,2017-01-17 08:31:38,0.0,0.0,201701,2017,1,20172,2
84279,2015-02-03 17:29:54,0.0,0.0,201502,2015,2,20152,2
84293,2014-11-10 10:19:31,53.0,0.0,201411,2014,11,20141,1
84678,2014-10-22 20:43:16,0.0,0.0,201410,2014,10,20143,3
84822,2018-10-15 11:06:56,16.25,0.0,201810,2018,10,20181,1
84918,2014-12-09 14:11:42,0.0,0.0,201412,2014,12,20142,2
84918,2015-06-01 18:18:09,0.0,0.0,201506,2015,6,20151,1
85009,2019-01-07 16:17:02,29.43,0.0,201901,2019,1,20191,1
85171,2016-10-13 11:22:28,0.0,0.0,201610,2016,10,20164,4
85370,2019-07-22 19:13:52,29.43,0.0,201907,2019,7,20191,1
85441,2019-09-19 14:51:08,29.43,0.0,201909,2019,9,20194,4
85522,2019-03-27 14:26:25,0.0,0.0,201903,2019,3,20193,3
85606,2014-07-05 15:38:33,0.0,0.0,201407,2014,7,20146,6
85948,2018-12-02 20:00:35,29.43,0.0,201812,2018,12,20180,0
85951,2015-01-29 13:04:32,0.0,0.0,201501,2015,1,20154,4
86083,2016-02-15 11:56:13,0.0,0.0,201602,2016,2,20161,1
86477,2015-06-09 10:33:10,0.0,0.0,201506,2015,6,20152,2
86477,2015-08-08 15:05:32,53.0,0.0,201508,2015,8,20156,6
86513,2015-09-27 09:13:42,29.0,0.0,201509,2015,9,20150,0
86630,2016-02-19 19:42:17,0.0,0.0,201602,2016,2,20165,5
87002,2015-11-28 13:40:18,0.0,0.0,201511,2015,11,20156,6
87002,2019-04-12 16:57:08,0.0,0.0,201904,2019,4,20195,5
87071,2018-11-23 13:16:50,0.0,0.0,201811,2018,11,20185,5
87071,2016-02-26 11:40:18,0.0,0.0,201602,2016,2,20165,5
87073,2016-03-22 05:42:57,53.0,0.0,201603,2016,3,20162,2
87584,2018-12-20 09:17:06,0.0,0.0,201812,2018,12,20184,4
87654,2015-03-09 10:04:07,0.0,0.0,201503,2015,3,20151,1
87773,2014-07-14 16:28:09,0.0,0.0,201407,2014,7,20141,1
88189,2019-03-22 22:40:23,0.0,0.0,201903,2019,3,20195,5
88235,2014-09-20 09:25:48,53.0,0.0,201409,2014,9,20146,6
88235,2014-09-25 20:20:06,53.0,31.0,201409,2014,9,20144,4
88269,2015-12-14 17:38:51,0.0,0.0,201512,2015,12,20151,1
88269,2017-01-24 09:04:27,0.0,0.0,201701,2017,1,20172,2
88314,2014-09-23 15:38:01,0.0,0.0,201409,2014,9,20142,2
88537,2016-11-23 15:26:16,0.0,0.0,201611,2016,11,20163,3
88624,2016-11-09 07:00:13,0.0,0.0,201611,2016,11,20163,3
88688,2015-01-26 12:08:42,0.0,0.0,201501,2015,1,20151,1
88772,2017-02-06 12:07:25,26.5,0.0,201702,2017,2,20171,1
88782,2018-10-31 16:20:23,0.0,0.0,201810,2018,10,20183,3
88782,2015-09-13 09:08:52,30.0,0.0,201509,2015,9,20150,0
88897,2015-01-07 21:54:28,30.0,0.0,201501,2015,1,20153,3
88915,2016-02-15 13:48:04,0.0,0.0,201602,2016,2,20161,1
88933,2016-04-14 10:56:39,53.0,0.0,201604,2016,4,20164,4
88933,2016-02-10 14:35:14,0.0,0.0,201602,2016,2,20163,3
89104,2015-03-02 04:39:25,27.0,0.0,201503,2015,3,20151,1
89284,2015-02-10 10:59:32,53.0,0.0,201502,2015,2,20152,2
89284,2016-10-31 12:44:18,26.0,0.0,201610,2016,10,20161,1
89535,2016-05-20 09:27:20,33.0,0.0,201605,2016,5,20165,5
89826,2015-08-15 13:04:55,53.0,0.0,201508,2015,8,20156,6
90938,2014-07-29 15:29:56,0.0,0.0,201407,2014,7,20142,2
91384,2016-05-08 20:16:11,0.0,0.0,201605,2016,5,20160,0
92120,2016-09-25 21:24:01,0.0,0.0,201609,2016,9,20160,0
92913,2017-03-11 09:22:24,26.5,0.0,201703,2017,3,20176,6
92995,2018-11-02 14:38:26,0.0,0.0,201811,2018,11,20185,5
98123,2014-06-29 11:41:00,0.0,0.0,201406,2014,6,20140,0
98123,2016-05-17 02:12:25,30.0,0.0,201605,2016,5,20162,2
120117,2015-10-30 18:15:24,0.0,0.0,201510,2015,10,20155,5
120650,2016-08-02 20:09:02,0.0,0.0,201608,2016,8,20162,2
121208,2014-08-01 22:52:09,0.0,0.0,201408,2014,8,20145,5
122918,2015-02-18 08:02:07,0.0,0.0,201502,2015,2,20153,3
123145,2019-02-02 16:44:26,29.43,0.0,201902,2019,2,20196,6
123340,2017-02-12 07:35:41,26.5,0.0,201702,2017,2,20170,0
124126,2015-08-16 02:05:30,58.0,0.0,201508,2015,8,20150,0
124126,2015-10-03 00:25:15,0.0,0.0,201510,2015,10,20156,6
125252,2019-08-18 20:17:07,0.0,0.0,201908,2019,8,20190,0
125666,2015-12-08 15:46:38,53.0,0.0,201512,2015,12,20152,2
150883,2018-08-30 09:21:14,29.43,0.0,201808,2018,8,20184,4
150953,2016-06-14 16:24:15,0.0,0.0,201606,2016,6,20162,2
151050,2016-08-01 11:57:45,43.0,0.0,201608,2016,8,20161,1
151050,2014-08-21 18:09:35,53.0,0.0,201408,2014,8,20144,4
151050,2014-11-04 19:09:28,0.0,0.0,201411,2014,11,20142,2
151050,2016-04-02 22:38:07,53.0,0.0,201604,2016,4,20166,6
151160,2017-02-15 09:10:55,26.5,0.0,201702,2017,2,20173,3
151222,2014-06-16 08:14:02,0.0,0.0,201406,2014,6,20141,1
151255,2014-11-18 18:31:47,0.0,0.0,201411,2014,11,20142,2
151255,2014-10-28 10:53:43,53.0,0.0,201410,2014,10,20142,2
151269,2016-08-16 16:12:39,0.0,0.0,201608,2016,8,20162,2
151300,2018-11-24 15:21:56,29.43,0.0,201811,2018,11,20186,6
151422,2017-01-13 19:22:34,15.25,0.0,201701,2017,1,20175,5
151521,2015-03-06 16:36:15,0.0,0.0,201503,2015,3,20155,5
151527,2015-06-24 20:21:29,53.0,0.0,201506,2015,6,20153,3
151531,2015-04-25 23:22:19,0.0,0.0,201504,2015,4,20156,6
151673,2016-12-05 16:47:42,23.0,0.0,201612,2016,12,20161,1
151685,2015-02-16 18:15:37,53.0,0.0,201502,2015,2,20151,1
151716,2018-12-04 17:56:15,0.0,0.0,201812,2018,12,20182,2
152692,2018-12-14 11:28:41,0.0,0.0,201812,2018,12,20185,5
152745,2019-09-17 11:12:45,29.43,0.0,201909,2019,9,20192,2
153469,2016-09-12 09:54:36,0.0,0.0,201609,2016,9,20161,1
153469,2016-09-16 10:43:29,0.0,0.0,201609,2016,9,20165,5
153574,2019-04-07 21:29:42,0.0,0.0,201904,2019,4,20190,0
154478,2015-03-12 18:29:39,30.0,0.0,201503,2015,3,20154,4
159965,2018-10-04 07:44:15,0.0,0.0,201810,2018,10,20184,4
160034,2017-02-12 23:26:30,0.0,0.0,201702,2017,2,20170,0
161586,2015-02-10 13:33:03,0.0,0.0,201502,2015,2,20152,2
162885,2018-12-19 22:59:27,0.0,0.0,201812,2018,12,20183,3
191586,2016-09-07 13:57:24,0.0,0.0,201609,2016,9,20163,3
191883,2018-09-05 17:41:27,29.43,0.0,201809,2018,9,20183,3
191896,2015-12-23 07:01:43,0.0,0.0,201512,2015,12,20153,3
192089,2014-07-14 07:01:35,0.0,0.0,201407,2014,7,20141,1
192458,2016-09-26 17:51:51,0.0,0.0,201609,2016,9,20161,1
192491,2019-08-08 07:36:44,0.0,0.0,201908,2019,8,20194,4
192491,2016-04-09 12:55:59,0.0,0.0,201604,2016,4,20166,6
192619,2018-10-06 07:38:50,0.0,0.0,201810,2018,10,20186,6
192784,2015-03-07 22:01:30,0.0,0.0,201503,2015,3,20156,6
192784,2015-10-18 21:15:53,53.0,0.0,201510,2015,10,20150,0
192784,2015-11-20 14:15:33,0.0,0.0,201511,2015,11,20155,5
192786,2019-07-10 17:41:17,0.0,0.0,201907,2019,7,20193,3
192798,2017-01-26 09:42:59,0.0,0.0,201701,2017,1,20174,4
192808,2019-06-20 20:57:22,0.0,0.0,201906,2019,6,20194,4
192833,2019-07-17 09:07:31,0.0,0.0,201907,2019,7,20193,3
192833,2014-07-21 13:35:42,0.0,0.0,201407,2014,7,20141,1
192925,2014-10-17 19:20:28,53.0,0.0,201410,2014,10,20145,5
193580,2015-11-27 09:24:35,0.0,0.0,201511,2015,11,20155,5
193580,2016-09-12 07:52:37,53.0,0.0,201609,2016,9,20161,1
193604,2015-08-08 10:35:03,53.0,0.0,201508,2015,8,20156,6
193619,2019-01-15 09:27:55,29.43,0.0,201901,2019,1,20192,2
193664,2019-03-13 21:51:22,29.43,0.0,201903,2019,3,20193,3
193664,2016-09-26 16:39:28,28.0,0.0,201609,2016,9,20161,1
193664,2014-12-26 08:52:00,53.0,0.0,201412,2014,12,20145,5
193681,2019-04-24 12:42:46,16.5,0.0,201904,2019,4,20193,3
193691,2017-04-06 12:52:43,0.0,0.0,201704,2017,4,20174,4
194000,2017-03-21 08:44:30,0.0,0.0,201703,2017,3,20172,2
194105,2015-02-06 14:04:32,0.0,0.0,201502,2015,2,20155,5
194105,2016-05-23 15:45:56,53.0,0.0,201605,2016,5,20161,1
194666,2015-02-02 17:23:04,0.0,0.0,201502,2015,2,20151,1
194994,2016-02-20 18:55:37,30.0,0.0,201602,2016,2,20166,6
195416,2015-07-22 08:36:53,53.0,0.0,201507,2015,7,20153,3
195553,2016-09-21 19:17:38,0.0,0.0,201609,2016,9,20163,3
195619,2015-06-16 11:15:55,28.0,0.0,201506,2015,6,20152,2
195630,2016-09-29 09:29:43,0.0,0.0,201609,2016,9,20164,4
196140,2015-06-11 08:19:49,53.0,0.0,201506,2015,6,20154,4
196163,2018-10-19 00:27:19,29.43,0.0,201810,2018,10,20185,5
196217,2019-01-14 09:27:11,29.43,0.0,201901,2019,1,20191,1
196218,2014-07-03 11:33:54,53.0,0.0,201407,2014,7,20144,4
196514,2019-02-12 16:40:59,0.0,0.0,201902,2019,2,20192,2
196613,2017-04-17 06:59:54,0.0,0.0,201704,2017,4,20171,1
196619,2014-07-18 16:18:28,53.0,0.0,201407,2014,7,20145,5
196638,2018-12-01 11:18:00,0.0,0.0,201812,2018,12,20186,6
196767,2015-04-12 23:36:30,0.0,0.0,201504,2015,4,20150,0
197154,2014-07-03 17:26:03,27.0,0.0,201407,2014,7,20144,4
197187,2016-03-27 15:40:45,30.0,0.0,201603,2016,3,20160,0
197295,2017-01-09 14:50:30,0.0,0.0,201701,2017,1,20171,1
197362,2018-09-01 12:24:15,0.0,0.0,201809,2018,9,20186,6
197363,2015-10-09 08:46:30,28.0,0.0,201510,2015,10,20155,5
197387,2015-07-21 12:05:38,27.0,0.0,201507,2015,7,20152,2
197387,2017-01-12 09:34:24,15.0,0.0,201701,2017,1,20174,4
197546,2015-02-03 21:11:45,0.0,0.0,201502,2015,2,20152,2
197546,2015-06-21 14:37:27,53.0,0.0,201506,2015,6,20150,0
197546,2015-09-28 14:41:17,53.0,0.0,201509,2015,9,20151,1
197546,2015-12-08 16:24:29,53.0,0.0,201512,2015,12,20152,2
197546,2016-01-04 09:02:05,53.0,0.0,201601,2016,1,20161,1
197665,2019-09-16 15:06:07,29.43,0.0,201909,2019,9,20191,1
197665,2019-02-27 16:46:44,29.43,0.0,201902,2019,2,20193,3
197866,2016-08-06 20:54:41,0.0,0.0,201608,2016,8,20166,6
197866,2017-02-13 23:54:24,0.0,0.0,201702,2017,2,20171,1
198007,2014-09-06 08:00:49,0.0,0.0,201409,2014,9,20146,6
198065,2016-02-15 11:51:53,0.0,0.0,201602,2016,2,20161,1
198323,2015-12-25 15:59:05,53.0,0.0,201512,2015,12,20155,5
198323,2016-10-27 19:15:33,26.0,0.0,201610,2016,10,20164,4
198337,2014-07-24 16:45:11,0.0,0.0,201407,2014,7,20144,4
198417,2016-03-26 11:13:57,53.0,0.0,201603,2016,3,20166,6
198526,2015-06-25 00:06:50,29.0,0.0,201506,2015,6,20154,4
198526,2016-11-07 15:16:18,0.0,0.0,201611,2016,11,20161,1
198526,2015-10-29 11:50:54,28.0,0.0,201510,2015,10,20154,4
198603,2017-01-09 16:17:01,0.0,0.0,201701,2017,1,20171,1
198642,2014-07-09 08:05:11,43.0,0.0,201407,2014,7,20143,3
198707,2015-04-07 10:58:46,53.0,0.0,201504,2015,4,20152,2
198719,2018-12-15 17:09:40,29.43,0.0,201812,2018,12,20186,6
198719,2015-01-23 15:23:46,53.0,0.0,201501,2015,1,20155,5
199132,2014-08-22 20:02:28,30.0,0.0,201408,2014,8,20145,5
199234,2014-08-22 08:44:36,53.0,0.0,201408,2014,8,20145,5
199292,2015-02-18 21:31:32,53.0,0.0,201502,2015,2,20153,3
199720,2017-04-17 16:59:46,0.0,0.0,201704,2017,4,20171,1
199720,2014-10-08 23:36:57,29.0,0.0,201410,2014,10,20143,3
199728,2019-03-28 14:43:21,0.0,0.0,201903,2019,3,20194,4
199728,2015-04-13 11:58:34,0.0,0.0,201504,2015,4,20151,1
199728,2015-05-26 16:34:24,53.0,0.0,201505,2015,5,20152,2
199728,2016-01-09 13:18:20,27.0,0.0,201601,2016,1,20166,6
199921,2015-12-03 13:59:50,0.0,0.0,201512,2015,12,20154,4
199989,2019-08-11 13:33:37,16.5,40.9,201908,2019,8,20190,0
199999,2019-06-14 19:18:32,0.0,0.0,201906,2019,6,20195,5
226241,2015-05-12 13:41:37,0.0,0.0,201505,2015,5,20152,2
226440,2017-02-10 13:03:05,0.0,0.0,201702,2017,2,20175,5
226563,2019-01-23 14:27:36,0.0,0.0,201901,2019,1,20193,3
226693,2019-08-14 19:30:58,29.43,0.0,201908,2019,8,20193,3
227336,2019-08-02 15:32:23,29.43,0.0,201908,2019,8,20195,5
227336,2015-01-06 10:09:11,29.0,0.0,201501,2015,1,20152,2
227336,2016-10-06 15:42:53,15.0,0.0,201610,2016,10,20164,4
228162,2016-06-04 10:51:46,53.0,0.0,201606,2016,6,20166,6
228669,2014-09-27 23:19:35,0.0,0.0,201409,2014,9,20146,6
230179,2015-01-25 16:21:57,27.0,0.0,201501,2015,1,20150,0
230311,2019-01-22 13:25:36,0.0,0.0,201901,2019,1,20192,2
230398,2016-01-08 11:54:25,0.0,0.0,201601,2016,1,20165,5
230398,2018-11-02 06:30:28,0.0,0.0,201811,2018,11,20185,5
230459,2019-08-15 16:17:49,0.0,0.0,201908,2019,8,20194,4
231677,2016-11-29 06:52:46,0.0,0.0,201611,2016,11,20162,2
231677,2016-01-11 06:44:46,0.0,0.0,201601,2016,1,20161,1
243778,2019-02-26 11:22:32,0.0,0.0,201902,2019,2,20192,2
243778,2015-03-30 10:26:01,0.0,0.0,201503,2015,3,20151,1
243778,2019-06-19 19:16:32,0.0,0.0,201906,2019,6,20193,3
247959,2016-08-21 14:20:41,0.0,0.0,201608,2016,8,20160,0
251153,2019-08-31 14:27:01,17.0,0.0,201908,2019,8,20196,6
253054,2014-08-10 18:43:31,53.0,0.0,201408,2014,8,20140,0
253359,2017-04-14 18:31:00,0.0,0.0,201704,2017,4,20175,5
253359,2015-06-28 12:55:18,53.0,0.0,201506,2015,6,20150,0
253359,2016-10-16 13:07:03,0.0,0.0,201610,2016,10,20160,0
253359,2014-07-19 18:51:50,53.0,0.0,201407,2014,7,20146,6
253621,2018-10-25 13:36:23,0.0,0.0,201810,2018,10,20184,4
253621,2016-02-09 17:37:23,0.0,0.0,201602,2016,2,20162,2
253639,2014-10-30 16:49:11,0.0,0.0,201410,2014,10,20144,4
253694,2019-01-31 06:06:07,0.0,0.0,201901,2019,1,20194,4
254147,2019-01-22 15:49:06,0.0,0.0,201901,2019,1,20192,2
254190,2014-11-15 18:18:38,0.0,0.0,201411,2014,11,20146,6
254222,2018-12-19 16:54:51,29.43,0.0,201812,2018,12,20183,3
254296,2015-02-13 17:29:59,0.0,0.0,201502,2015,2,20155,5
254312,2015-04-18 09:48:30,0.0,0.0,201504,2015,4,20156,6
254477,2017-02-13 06:27:28,0.0,0.0,201702,2017,2,20171,1
254505,2015-05-26 12:05:44,0.0,0.0,201505,2015,5,20152,2
254547,2018-10-16 16:12:48,16.25,0.0,201810,2018,10,20182,2
254547,2016-01-30 17:58:25,30.0,0.0,201601,2016,1,20166,6
254615,2019-02-04 16:31:50,0.0,0.0,201902,2019,2,20191,1
254710,2019-03-21 15:38:39,0.0,0.0,201903,2019,3,20194,4
254757,2015-06-12 14:38:07,53.0,0.0,201506,2015,6,20155,5
254769,2018-12-21 17:33:35,29.43,0.0,201812,2018,12,20185,5
254864,2015-09-10 05:57:19,0.0,0.0,201509,2015,9,20154,4
254898,2014-11-01 14:32:33,30.0,0.0,201411,2014,11,20146,6
255062,2018-12-21 14:08:24,0.0,0.0,201812,2018,12,20185,5
255064,2019-07-22 17:21:50,29.43,0.0,201907,2019,7,20191,1
255088,2015-06-09 15:07:42,53.0,0.0,201506,2015,6,20152,2
255194,2016-01-19 14:11:48,0.0,0.0,201601,2016,1,20162,2
255260,2019-10-13 10:24:44,0.0,0.0,201910,2019,10,20190,0
266158,2015-02-18 17:01:40,0.0,0.0,201502,2015,2,20153,3
266916,2015-02-10 19:01:48,0.0,0.0,201502,2015,2,20152,2
266916,2015-11-24 18:06:09,53.0,0.0,201511,2015,11,20152,2
267597,2015-05-23 14:46:05,53.0,0.0,201505,2015,5,20156,6
278763,2018-09-03 17:17:22,0.0,0.0,201809,2018,9,20181,1
295815,2018-09-26 15:31:02,15.25,0.0,201809,2018,9,20183,3
302538,2016-11-02 12:16:09,15.0,0.0,201611,2016,11,20163,3
332018,2015-03-02 11:54:53,0.0,0.0,201503,2015,3,20151,1
332457,2015-03-15 00:21:01,0.0,0.0,201503,2015,3,20150,0
332714,2019-02-28 09:47:24,0.0,0.0,201902,2019,2,20194,4
332932,2014-09-21 14:45:51,53.0,0.0,201409,2014,9,20140,0
333628,2016-10-27 06:44:12,0.0,0.0,201610,2016,10,20164,4
333628,2016-02-18 11:31:33,0.0,0.0,201602,2016,2,20164,4
333669,2015-06-25 23:50:46,0.0,0.0,201506,2015,6,20154,4
334231,2016-07-08 20:51:36,0.0,0.0,201607,2016,7,20165,5
334231,2018-09-26 10:25:11,0.0,0.0,201809,2018,9,20183,3
334540,2015-02-05 19:20:59,53.0,0.0,201502,2015,2,20154,4
334543,2014-12-27 12:03:08,53.0,0.0,201412,2014,12,20146,6
335037,2017-03-09 17:23:28,26.5,0.0,201703,2017,3,20174,4
335739,2015-02-08 09:45:30,0.0,0.0,201502,2015,2,20150,0
335877,2019-06-08 01:46:43,0.0,0.0,201906,2019,6,20196,6
336115,2016-01-26 06:22:02,0.0,0.0,201601,2016,1,20162,2
336234,2014-07-08 19:48:51,0.0,0.0,201407,2014,7,20142,2
336336,2016-08-26 20:15:41,35.0,0.0,201608,2016,8,20165,5
336594,2018-10-19 14:50:43,0.0,0.0,201810,2018,10,20185,5
336655,2019-04-06 13:35:04,0.0,0.0,201904,2019,4,20196,6
336655,2015-02-27 13:53:28,53.0,0.0,201502,2015,2,20155,5
359448,2016-06-27 06:54:03,0.0,0.0,201606,2016,6,20161,1
369292,2019-03-12 14:01:32,0.0,0.0,201903,2019,3,20192,2
370835,2019-06-29 17:39:20,29.43,0.0,201906,2019,6,20196,6
372788,2017-01-14 09:46:55,0.0,0.0,201701,2017,1,20176,6
375659,2019-02-02 07:18:46,0.0,0.0,201902,2019,2,20196,6
389098,2016-11-27 04:48:27,15.0,0.0,201611,2016,11,20160,0
389098,2015-01-12 01:00:15,0.0,0.0,201501,2015,1,20151,1
389777,2017-03-03 11:31:02,14.5,0.0,201703,2017,3,20175,5
395387,2015-02-10 10:59:25,0.0,0.0,201502,2015,2,20152,2
434615,2017-04-07 16:03:06,29.13,0.0,201704,2017,4,20175,5
438100,2018-12-16 14:41:17,0.0,0.0,201812,2018,12,20180,0
438341,2016-01-26 11:41:36,0.0,0.0,201601,2016,1,20162,2
439266,2017-01-10 13:53:35,0.0,0.0,201701,2017,1,20172,2
439979,2015-01-25 14:52:30,0.0,0.0,201501,2015,1,20150,0
440261,2016-04-27 00:43:04,0.0,0.0,201604,2016,4,20163,3
441494,2015-01-08 14:27:49,0.0,0.0,201501,2015,1,20154,4
442292,2016-12-20 13:47:35,0.0,0.0,201612,2016,12,20162,2
442412,2015-03-27 14:11:50,30.0,0.0,201503,2015,3,20155,5
442412,2018-09-26 11:04:42,0.0,0.0,201809,2018,9,20183,3
442478,2015-08-29 19:21:27,53.0,0.0,201508,2015,8,20156,6
442764,2019-01-28 17:29:34,0.0,0.0,201901,2019,1,20191,1
443147,2016-02-16 14:45:36,0.0,0.0,201602,2016,2,20162,2
443216,2015-01-08 06:24:30,0.0,0.0,201501,2015,1,20154,4
472036,2015-10-23 19:12:17,53.0,0.0,201510,2015,10,20155,5
473870,2016-12-05 09:20:32,0.0,0.0,201612,2016,12,20161,1
475786,2019-01-01 15:05:11,29.43,0.0,201901,2019,1,20192,2
475786,2016-05-22 09:18:34,29.0,0.0,201605,2016,5,20160,0
476349,2017-03-13 09:30:09,18.75,0.0,201703,2017,3,20171,1
482872,2014-12-03 04:51:47,0.0,0.0,201412,2014,12,20143,3
485169,2016-07-07 12:54:27,53.0,0.0,201607,2016,7,20164,4
485169,2016-01-15 07:48:48,0.0,0.0,201601,2016,1,20165,5
485169,2015-09-13 17:26:35,53.0,0.0,201509,2015,9,20150,0
485169,2019-10-14 21:52:35,0.0,0.0,201910,2019,10,20191,1
494050,2017-01-17 09:14:50,26.5,0.0,201701,2017,1,20172,2
496290,2014-10-25 14:40:48,0.0,0.0,201410,2014,10,20146,6
502391,2014-06-29 16:37:59,35.0,0.0,201406,2014,6,20140,0
524723,2019-04-29 16:34:58,31.79,0.0,201904,2019,4,20191,1
525048,2019-03-14 12:13:23,17.0,0.0,201903,2019,3,20194,4
527810,2019-06-14 08:15:25,29.43,0.0,201906,2019,6,20195,5
527810,2015-02-19 20:00:42,25.0,0.0,201502,2015,2,20154,4
543653,2019-08-22 10:29:15,29.43,0.0,201908,2019,8,20194,4
487,2017-12-04 00:00:00,27.0,0.0,201712,2017,12,20171,1
870,2017-08-28 00:00:00,0.0,0.0,201708,2017,8,20171,1
1644,2017-05-05 00:00:00,53.0,0.0,201705,2017,5,20175,5
2155,2017-07-29 00:00:00,0.0,0.0,201707,2017,7,20176,6
2413,2017-10-10 00:00:00,0.0,0.0,201710,2017,10,20172,2
3128,2018-02-11 00:00:00,53.0,0.0,201802,2018,2,20180,0
3237,2017-10-19 00:00:00,53.0,0.0,201710,2017,10,20174,4
3536,2018-06-04 00:00:00,30.0,0.0,201806,2018,6,20181,1
4095,2018-06-27 00:00:00,0.0,0.0,201806,2018,6,20183,3
4099,2018-08-28 00:00:00,28.0,0.0,201808,2018,8,20182,2
4662,2018-04-03 00:00:00,0.0,0.0,201804,2018,4,20182,2
5182,2018-08-16 00:00:00,53.0,0.0,201808,2018,8,20184,4
5249,2018-07-03 00:00:00,53.0,0.0,201807,2018,7,20182,2
5323,2018-02-05 00:00:00,30.0,0.0,201802,2018,2,20181,1
5513,2017-06-22 00:00:00,0.0,0.0,201706,2017,6,20174,4
6000,2018-04-05 00:00:00,0.0,0.0,201804,2018,4,20184,4
6520,2018-01-06 00:00:00,0.0,0.0,201801,2018,1,20186,6
6635,2018-08-22 00:00:00,0.0,0.0,201808,2018,8,20183,3
6640,2017-09-08 00:00:00,0.0,0.0,201709,2017,9,20175,5
6640,2018-08-16 00:00:00,53.0,0.0,201808,2018,8,20184,4
6970,2018-07-15 00:00:00,0.0,0.0,201807,2018,7,20180,0
7009,2018-05-17 00:00:00,0.0,0.0,201805,2018,5,20184,4
7009,2018-06-20 00:00:00,0.0,0.0,201806,2018,6,20183,3
7087,2017-12-29 00:00:00,53.0,0.0,201712,2017,12,20175,5
7804,2018-08-13 00:00:00,0.0,0.0,201808,2018,8,20181,1
7910,2017-06-17 00:00:00,53.0,0.0,201706,2017,6,20176,6
8156,2018-02-18 00:00:00,0.0,0.0,201802,2018,2,20180,0
8171,2018-02-12 00:00:00,0.0,0.0,201802,2018,2,20181,1
8373,2018-08-01 00:00:00,30.0,0.0,201808,2018,8,20183,3
8799,2018-07-11 00:00:00,53.0,0.0,201807,2018,7,20183,3
9028,2018-02-15 00:00:00,0.0,0.0,201802,2018,2,20184,4
9037,2017-08-29 00:00:00,53.0,0.0,201708,2017,8,20172,2
9453,2018-02-17 00:00:00,0.0,0.0,201802,2018,2,20186,6
10227,2017-06-17 00:00:00,27.0,0.0,201706,2017,6,20176,6
10925,2018-04-19 00:00:00,0.0,0.0,201804,2018,4,20184,4
10972,2018-01-13 00:00:00,28.0,0.0,201801,2018,1,20186,6
11062,2017-05-24 00:00:00,53.0,0.0,201705,2017,5,20173,3
11926,2018-03-11 00:00:00,26.0,0.0,201803,2018,3,20180,0
12685,2017-08-21 00:00:00,53.0,0.0,201708,2017,8,20171,1
12870,2018-04-04 00:00:00,0.0,0.0,201804,2018,4,20183,3
12923,2018-08-09 00:00:00,0.0,0.0,201808,2018,8,20184,4
12927,2017-10-06 00:00:00,0.0,0.0,201710,2017,10,20175,5
13730,2018-05-31 00:00:00,30.0,0.0,201805,2018,5,20184,4
13780,2018-05-25 00:00:00,0.0,0.0,201805,2018,5,20185,5
13795,2018-01-12 00:00:00,0.0,0.0,201801,2018,1,20185,5
13809,2018-03-19 00:00:00,0.0,0.0,201803,2018,3,20181,1
14214,2018-02-17 00:00:00,0.0,0.0,201802,2018,2,20186,6
16243,2017-06-30 00:00:00,0.0,0.0,201706,2017,6,20175,5
16243,2017-07-01 00:00:00,0.0,0.0,201707,2017,7,20176,6
16467,2018-08-27 00:00:00,28.0,0.0,201808,2018,8,20181,1
16756,2017-07-19 00:00:00,0.0,0.0,201707,2017,7,20173,3
17210,2018-02-14 00:00:00,0.0,0.0,201802,2018,2,20183,3
17419,2017-12-19 00:00:00,53.0,0.0,201712,2017,12,20172,2
17984,2017-08-02 00:00:00,0.0,0.0,201708,2017,8,20173,3
18340,2017-09-26 00:00:00,53.0,0.0,201709,2017,9,20172,2
18603,2017-06-27 00:00:00,29.0,0.0,201706,2017,6,20172,2
18886,2017-11-16 00:00:00,53.0,0.0,201711,2017,11,20174,4
19103,2018-06-01 00:00:00,0.0,0.0,201806,2018,6,20185,5
19541,2017-10-17 00:00:00,30.0,0.0,201710,2017,10,20172,2
19580,2018-04-29 00:00:00,0.0,0.0,201804,2018,4,20180,0
19644,2018-06-16 00:00:00,43.0,0.0,201806,2018,6,20186,6
20045,2017-10-28 00:00:00,30.0,0.0,201710,2017,10,20176,6
20162,2018-04-28 00:00:00,28.0,0.0,201804,2018,4,20186,6
20195,2017-06-23 00:00:00,30.0,0.0,201706,2017,6,20175,5
20195,2017-12-07 00:00:00,0.0,0.0,201712,2017,12,20174,4
20529,2017-07-20 00:00:00,0.0,0.0,201707,2017,7,20174,4
20535,2018-02-05 00:00:00,0.0,0.0,201802,2018,2,20181,1
20535,2018-02-28 00:00:00,0.0,0.0,201802,2018,2,20183,3
20535,2017-08-28 00:00:00,53.0,0.0,201708,2017,8,20171,1
22048,2017-05-07 00:00:00,53.0,0.0,201705,2017,5,20170,0
22048,2018-03-15 00:00:00,53.0,0.0,201803,2018,3,20184,4
23130,2017-12-03 00:00:00,53.0,0.0,201712,2017,12,20170,0
23465,2017-09-19 00:00:00,26.0,0.0,201709,2017,9,20172,2
23513,2018-04-28 00:00:00,53.0,0.0,201804,2018,4,20186,6
23572,2018-01-11 00:00:00,0.0,0.0,201801,2018,1,20184,4
23855,2017-11-25 00:00:00,53.0,0.0,201711,2017,11,20176,6
24080,2017-09-27 00:00:00,0.0,0.0,201709,2017,9,20173,3
24096,2018-08-14 00:00:00,53.0,0.0,201808,2018,8,20182,2
25529,2017-09-20 00:00:00,53.0,0.0,201709,2017,9,20173,3
27523,2017-10-04 00:00:00,0.0,0.0,201710,2017,10,20173,3
28540,2017-06-07 00:00:00,0.0,0.0,201706,2017,6,20173,3
28811,2018-04-18 00:00:00,0.0,0.0,201804,2018,4,20183,3
30732,2018-08-07 00:00:00,30.0,0.0,201808,2018,8,20182,2
50134,2017-09-14 00:00:00,30.0,0.0,201709,2017,9,20174,4
50203,2018-08-27 00:00:00,30.0,0.0,201808,2018,8,20181,1
50571,2017-12-30 00:00:00,0.0,0.0,201712,2017,12,20176,6
51507,2018-05-15 00:00:00,53.0,0.0,201805,2018,5,20182,2
51507,2018-08-04 00:00:00,12.0,0.0,201808,2018,8,20186,6
52660,2017-12-16 00:00:00,53.0,0.0,201712,2017,12,20176,6
52850,2018-02-09 00:00:00,0.0,0.0,201802,2018,2,20185,5
52905,2017-11-18 00:00:00,0.0,0.0,201711,2017,11,20176,6
53707,2017-05-21 00:00:00,0.0,0.0,201705,2017,5,20170,0
54580,2018-06-17 00:00:00,53.0,0.0,201806,2018,6,20180,0
54640,2017-10-31 00:00:00,0.0,0.0,201710,2017,10,20172,2
54789,2018-04-24 00:00:00,53.0,0.0,201804,2018,4,20182,2
54790,2017-09-11 00:00:00,0.0,0.0,201709,2017,9,20171,1
54799,2017-08-12 00:00:00,29.0,0.0,201708,2017,8,20176,6
55048,2017-09-11 00:00:00,0.0,0.0,201709,2017,9,20171,1
55533,2018-06-06 00:00:00,53.0,0.0,201806,2018,6,20183,3
55806,2018-07-01 00:00:00,53.0,0.0,201807,2018,7,20180,0
55862,2018-01-05 00:00:00,0.0,0.0,201801,2018,1,20185,5
56009,2018-01-29 00:00:00,0.0,0.0,201801,2018,1,20181,1
56550,2018-01-24 00:00:00,53.0,0.0,201801,2018,1,20183,3
56563,2017-07-26 00:00:00,28.0,0.0,201707,2017,7,20173,3
56841,2017-07-29 00:00:00,0.0,0.0,201707,2017,7,20176,6
56900,2017-08-25 00:00:00,30.0,0.0,201708,2017,8,20175,5
56947,2018-08-16 00:00:00,0.0,0.0,201808,2018,8,20184,4
58409,2017-06-01 00:00:00,26.0,0.0,201706,2017,6,20174,4
58744,2018-05-01 00:00:00,53.0,0.0,201805,2018,5,20182,2
58744,2018-07-23 00:00:00,0.0,0.0,201807,2018,7,20181,1
59580,2017-10-27 00:00:00,53.0,0.0,201710,2017,10,20175,5
59980,2018-04-13 00:00:00,53.0,0.0,201804,2018,4,20185,5
60071,2018-02-01 00:00:00,53.0,0.0,201802,2018,2,20184,4
60410,2017-05-05 00:00:00,29.0,0.0,201705,2017,5,20175,5
80269,2017-10-20 00:00:00,30.0,0.0,201710,2017,10,20175,5
81391,2017-05-30 00:00:00,27.0,0.0,201705,2017,5,20172,2
81474,2018-02-26 00:00:00,0.0,0.0,201802,2018,2,20181,1
81522,2017-09-14 00:00:00,58.0,0.0,201709,2017,9,20174,4
81663,2018-05-27 00:00:00,0.0,0.0,201805,2018,5,20180,0
82551,2017-12-14 00:00:00,53.0,0.0,201712,2017,12,20174,4
82551,2018-08-05 00:00:00,53.0,0.0,201808,2018,8,20180,0
83718,2018-06-30 00:00:00,0.0,0.0,201806,2018,6,20186,6
84918,2017-06-01 00:00:00,0.0,0.0,201706,2017,6,20174,4
86083,2018-02-15 00:00:00,0.0,0.0,201802,2018,2,20184,4
86477,2017-06-09 00:00:00,0.0,0.0,201706,2017,6,20175,5
86477,2017-08-08 00:00:00,53.0,0.0,201708,2017,8,20172,2
86513,2017-09-27 00:00:00,29.0,0.0,201709,2017,9,20173,3
86630,2018-02-19 00:00:00,0.0,0.0,201802,2018,2,20181,1
87002,2017-11-28 00:00:00,0.0,0.0,201711,2017,11,20172,2
87071,2018-02-26 00:00:00,0.0,0.0,201802,2018,2,20181,1
87073,2018-03-22 00:00:00,53.0,0.0,201803,2018,3,20184,4
88269,2017-12-14 00:00:00,0.0,0.0,201712,2017,12,20174,4
88782,2017-09-13 00:00:00,30.0,0.0,201709,2017,9,20173,3
88915,2018-02-15 00:00:00,0.0,0.0,201802,2018,2,20184,4
88933,2018-04-14 00:00:00,53.0,0.0,201804,2018,4,20186,6
88933,2018-02-10 00:00:00,0.0,0.0,201802,2018,2,20186,6
89535,2018-05-20 00:00:00,33.0,0.0,201805,2018,5,20180,0
89826,2017-08-15 00:00:00,53.0,0.0,201708,2017,8,20172,2
91384,2018-05-08 00:00:00,0.0,0.0,201805,2018,5,20182,2
98123,2018-05-17 00:00:00,30.0,0.0,201805,2018,5,20184,4
120117,2017-10-30 00:00:00,0.0,0.0,201710,2017,10,20171,1
120650,2018-08-02 00:00:00,0.0,0.0,201808,2018,8,20184,4
124126,2017-08-16 00:00:00,58.0,0.0,201708,2017,8,20173,3
124126,2017-10-03 00:00:00,0.0,0.0,201710,2017,10,20172,2
125666,2017-12-08 00:00:00,53.0,0.0,201712,2017,12,20175,5
150953,2018-06-14 00:00:00,0.0,0.0,201806,2018,6,20184,4
151050,2018-08-01 00:00:00,43.0,0.0,201808,2018,8,20183,3
151050,2018-04-02 00:00:00,53.0,0.0,201804,2018,4,20181,1
151269,2018-08-16 00:00:00,0.0,0.0,201808,2018,8,20184,4
151527,2017-06-24 00:00:00,53.0,0.0,201706,2017,6,20176,6
191896,2017-12-23 00:00:00,0.0,0.0,201712,2017,12,20176,6
192491,2018-04-09 00:00:00,0.0,0.0,201804,2018,4,20181,1
192784,2017-10-18 00:00:00,53.0,0.0,201710,2017,10,20173,3
192784,2017-11-20 00:00:00,0.0,0.0,201711,2017,11,20171,1
193580,2017-11-27 00:00:00,0.0,0.0,201711,2017,11,20171,1
193604,2017-08-08 00:00:00,53.0,0.0,201708,2017,8,20172,2
194105,2018-05-23 00:00:00,53.0,0.0,201805,2018,5,20183,3
194994,2018-02-20 00:00:00,30.0,0.0,201802,2018,2,20182,2
195416,2017-07-22 00:00:00,53.0,0.0,201707,2017,7,20176,6
195619,2017-06-16 00:00:00,28.0,0.0,201706,2017,6,20175,5
196140,2017-06-11 00:00:00,53.0,0.0,201706,2017,6,20170,0
197187,2018-03-27 00:00:00,30.0,0.0,201803,2018,3,20182,2
197363,2017-10-09 00:00:00,28.0,0.0,201710,2017,10,20171,1
197387,2017-07-21 00:00:00,27.0,0.0,201707,2017,7,20175,5
197546,2017-06-21 00:00:00,53.0,0.0,201706,2017,6,20173,3
197546,2017-09-28 00:00:00,53.0,0.0,201709,2017,9,20174,4
197546,2017-12-08 00:00:00,53.0,0.0,201712,2017,12,20175,5
197546,2018-01-04 00:00:00,53.0,0.0,201801,2018,1,20184,4
197866,2018-08-06 00:00:00,0.0,0.0,201808,2018,8,20181,1
198065,2018-02-15 00:00:00,0.0,0.0,201802,2018,2,20184,4
198323,2017-12-25 00:00:00,53.0,0.0,201712,2017,12,20171,1
198417,2018-03-26 00:00:00,53.0,0.0,201803,2018,3,20181,1
198526,2017-06-25 00:00:00,29.0,0.0,201706,2017,6,20170,0
198526,2017-10-29 00:00:00,28.0,0.0,201710,2017,10,20170,0
199728,2017-05-26 00:00:00,53.0,0.0,201705,2017,5,20175,5
199728,2018-01-09 00:00:00,27.0,0.0,201801,2018,1,20182,2
199921,2017-12-03 00:00:00,0.0,0.0,201712,2017,12,20170,0
226241,2017-05-12 00:00:00,0.0,0.0,201705,2017,5,20175,5
228162,2018-06-04 00:00:00,53.0,0.0,201806,2018,6,20181,1
230398,2018-01-08 00:00:00,0.0,0.0,201801,2018,1,20181,1
231677,2018-01-11 00:00:00,0.0,0.0,201801,2018,1,20184,4
247959,2018-08-21 00:00:00,0.0,0.0,201808,2018,8,20182,2
253359,2017-06-28 00:00:00,53.0,0.0,201706,2017,6,20173,3
253621,2018-02-09 00:00:00,0.0,0.0,201802,2018,2,20185,5
254505,2017-05-26 00:00:00,0.0,0.0,201705,2017,5,20175,5
254547,2018-01-30 00:00:00,30.0,0.0,201801,2018,1,20182,2
254757,2017-06-12 00:00:00,53.0,0.0,201706,2017,6,20171,1
254864,2017-09-10 00:00:00,0.0,0.0,201709,2017,9,20170,0
255088,2017-06-09 00:00:00,53.0,0.0,201706,2017,6,20175,5
255194,2018-01-19 00:00:00,0.0,0.0,201801,2018,1,20185,5
266916,2017-11-24 00:00:00,53.0,0.0,201711,2017,11,20175,5
267597,2017-05-23 00:00:00,53.0,0.0,201705,2017,5,20172,2
333628,2018-02-18 00:00:00,0.0,0.0,201802,2018,2,20180,0
333669,2017-06-25 00:00:00,0.0,0.0,201706,2017,6,20170,0
334231,2018-07-08 00:00:00,0.0,0.0,201807,2018,7,20180,0
336115,2018-01-26 00:00:00,0.0,0.0,201801,2018,1,20185,5
336336,2018-08-26 00:00:00,35.0,0.0,201808,2018,8,20180,0
359448,2018-06-27 00:00:00,0.0,0.0,201806,2018,6,20183,3
438341,2018-01-26 00:00:00,0.0,0.0,201801,2018,1,20185,5
440261,2018-04-27 00:00:00,0.0,0.0,201804,2018,4,20185,5
442478,2017-08-29 00:00:00,53.0,0.0,201708,2017,8,20172,2
443147,2018-02-16 00:00:00,0.0,0.0,201802,2018,2,20185,5
472036,2017-10-23 00:00:00,53.0,0.0,201710,2017,10,20171,1
475786,2018-05-22 00:00:00,29.0,0.0,201805,2018,5,20182,2
485169,2018-07-07 00:00:00,53.0,0.0,201807,2018,7,20186,6
485169,2018-01-15 00:00:00,0.0,0.0,201801,2018,1,20181,1
485169,2017-09-13 00:00:00,53.0,0.0,201709,2017,9,20173,3
